{
    "GET_OTP_HEADER": "Mobile Number",
    "VERIFY_OTP_HEADER": "Verification",
    "DASHBOARD_HEADER": "IDFC Lending",
    "WEALTH_DASHBOARD_HEADER": "IDFC Wealth",
    "GENERATE_OTP_HEADER": "Mobile Number",
    "LOAN_TYPE_HEADER": "Apply For Loans",
    "EMPLOYMENT_DETAILS_HEADER": "Employment Details",
    "PERSONAL_DETAILS_PAN_DETAILS": "PAN Details",
    "PERSONAL_DETAILS_PAN_LABEL": "PAN Number",
    "PERSONAL_DETAILS_BASIC_DETAILS": "Basic Details",
    "PERSONAL_DETAILS_FIRST_NAME_LABEL": "First Name",
    "PERSONAL_DETAILS_FIRST_NAME_A11_LABEL": "First Name",
    "PERSONAL_DETAILS_FIRST_NAME_MANDATORY_MESSAGE": "First Name is needed",
    "PERSONAL_DETAILS_FIRST_NAME_VALIDATION_MESSAGE": "Please enter a valid First name",
    "PERSONAL_DETAILS_MIDDLE_NAME_LABEL": "Middle Name (Optional)",
    "PERSONAL_DETAILS_MIDDLE_NAME_A11_LABEL": "Middle Name",
    "PERSONAL_DETAILS_MIDDLE_NAME_VALIDATION_MESSAGE": "Please enter a valid Middle Name",
    "PERSONAL_DETAILS_LAST_NAME_LABEL": "Last Name",
    "PERSONAL_DETAILS_LAST_NAME_A11_LABEL": "Last Name",
    "PERSONAL_DETAILS_LAST_NAME_VALIDATION_MESSAGE": "Please enter a valid Last Name",
    "PERSONAL_DETAILS_LAST_NAME_MANDATORY_MESSAGE": "Last Name is needed",
    "PERSONAL_DETAILS_DOB_PLACEHOLDER": "Date of Birth",
    "PERSONAL_DETAILS_DOB_A11_LABEL": "Date of Birth",
    "PERSONAL_DETAILS_GENDER_A11_LABEL": "Gender",
    "PERSONAL_DETAILS_GENDER_LABEL": "Gender",
    "PERSONAL_DETAILS_MARITAL_STATUS_A11_LABEL": "Marital Status",
    "PERSONAL_DETAILS_MARITAL_STATUS_LABEL": "Marital Status",
    "PERSONAL_DETAILS_EMAILID_LABEL": "Email ID",
    "PERSONAL_DETAILS_EMAILID_A11_LABEL": "Email ID",
    "PERSONAL_DETAILS_EMAILID_VALIDATION_MESSAGE": "Please enter a valid Email ID",
    "PERSONAL_DETAILS_EMAILID_MANDATORY_MESSAGE": "Email ID is needed",
    "PERSONAL_DETAILS_RESIDENTIAL_ADDRESS_LABEL": "Residential Address",
    "PERSONAL_DETAILS_RESIDENTIAL_ADDRESS_DESCRIPTION": "Please enter the address as per the address proof you submit.",
    "PERSONAL_DETAILS_ADRESSLINE1_LABEL": "Address Line 1",
    "PERSONAL_DETAILS_ADRESSLINE1_VALIDATION_MESSAGE": "Please enter a valid Address",
    "PERSONAL_DETAILS_ADRESSLINE1_MANDATORY_MESSAGE": "Address Line 1 is needed",
    "PERSONAL_DETAILS_ADRESSLINE2_LABEL": "Address Line 2",
    "PERSONAL_DETAILS_ADRESSLINE2_VALIDATION_MESSAGE": "Please enter a valid Address",
    "PERSONAL_DETAILS_ADRESSLINE2_MANDATORY_MESSAGE": "Address Line 2 is needed",
    "PERSONAL_DETAILS_ADRESSLINE3_LABEL": "Address Line 3 (Optional)",
    "PERSONAL_DETAILS_ADRESSLINE3_VALIDATION_MESSAGE": "Please enter a valid Address",
    "PERSONAL_DETAILS_LANDMARK_LABEL": "Landmark",
    "PERSONAL_DETAILS_LANDMARK_VALIDATION_MESSAGE": "Please enter a Valid Landmark",
    "PERSONAL_DETAILS_LANDMARK_MANDATORY_MESSAGE": "Landmark is needed",
    "PERSONAL_DETAILS_PINCODE_LABEL": "Pincode",
    "PERSONAL_DETAILS_PINCODE_VALIDATION_MESSAGE": "Please enter a Valid Pincode",
    "PERSONAL_DETAILS_PINCODE_MANDATORY_MESSAGE": "Pincode is needed",
    "PERSONAL_DETAILS_CITY_LABEL": "City",
    "PERSONAL_DETAILS_CITY_VALIDATION_MESSAGE": "Please enter a Valid City",
    "PERSONAL_DETAILS_CITY_MANDATORY_MESSAGE": "City is needed",
    "PERSONAL_DETAILS_STATE_LABEL": "State",
    "PERSONAL_DETAILS_STATE_VALIDATION_MESSAGE": "Please enter a Valid State",
    "PERSONAL_DETAILS_STATE_MANDATORY_MESSAGE": "State is needed",
    "EMPLOYMENT_DETAILS_COMPANY_NAME_LABEL": "Company Name",
    "EMPLOYMENT_DETAILS_COMPANY_NAME_VALIDATION_MESSAGE": "Please enter Valid Company Name",
    "EMPLOYMENT_DETAILS_COMPANY_NAME_MANDATORY_MESSAGE": "Company name is needed",
    "EMPLOYMENT_DETAILS_COMPANY_NAME_A11_LABEL": "Company Name",
    "EMPLOYMENT_DETAILS_COMPANY_NAME_HEADER_TITLE": "Select Company Name",
    "EMPLOYMENT_DETAILS_ANNUAL_GROSS_INCOME_LABEL": "Annual Gross Income",
    "EMPLOYMENT_DETAILS_ANNUAL_GROSS_INCOME_VALIDATION_MESSAGE": "Please enter Valid Annual Gross Income",
    "EMPLOYMENT_DETAILS_ANNUAL_GROSS_INCOME_MANDATORY_MESSAGE": "Annual Gross Income is needed",
    "EMPLOYMENT_DETAILS_CREDIT_CARD_LABEL": "Do you have a credit card?",
    "EMPLOYMENT_DETAILS_CREDIT_CARD_A11_LABEL": "Do you have a credit card?",
    "EMPLOYMENT_DETAILS_DEBIT_CARD_LABEL": "Do you have a debit card?",
    "EMPLOYMENT_DETAILS_DEBIT_CARD_A11_LABEL": "Do you have a debit card?",
    "EMPLOYMENT_DETAILS_ADRESSLINE1_VALIDATION_MESSAGE": "Please enter a valid Address",
    "EMPLOYMENT_DETAILS_ADRESSLINE1_MANDATORY_MESSAGE": "Address Line 1 is needed",
    "EMPLOYMENT_DETAILS_ADRESSLINE1_LABEL": "Address Line 1",
    "EMPLOYMENT_DETAILS_ADRESSLINE1_A11_LABEL": "Address Line 1",
    "EMPLOYMENT_DETAILS_ADRESSLINE2_VALIDATION_MESSAGE": "Please enter a valid Address",
    "EMPLOYMENT_DETAILS_ADRESSLINE2_MANDATORY_MESSAGE": "Address Line 2 is needed",
    "EMPLOYMENT_DETAILS_ADRESSLINE2_LABEL": "Address Line 2",
    "EMPLOYMENT_DETAILS_ADRESSLINE2_A11_LABEL": "Address Line 2",
    "EMPLOYMENT_DETAILS_ADRESSLINE3_LABEL": "Address Line 3 (Optional)",
    "EMPLOYMENT_DETAILS_ADRESSLINE3_VALIDATION_MESSAGE": "Please enter a valid Address",
    "EMPLOYMENT_DETAILS_ADRESSLINE3_A11_LABEL": "Address Line 3",
    "EMPLOYMENT_DETAILS_LANDMARK_LABEL": "Landmark (Optional)",
    "EMPLOYMENT_DETAILS_LANDMARK_VALIDATION_MESSAGE": "Please enter a valid Landmark",
    "EMPLOYMENT_DETAILS_LANDMARK_A11_LABEL": "Landmark",
    "EMPLOYMENT_DETAILS_CITY_VALIDATION_MESSAGE": "Please enter a valid City",
    "EMPLOYMENT_DETAILS_CITY_MANDATORY_MESSAGE": "City is needed",
    "EMPLOYMENT_DETAILS_CITY_LABEL": "City",
    "EMPLOYMENT_DETAILS_CITY_A11_LABEL": "City",
    "EMPLOYMENT_DETAILS_STATE_VALIDATION_MESSAGE": "Please enter a valid State",
    "EMPLOYMENT_DETAILS_STATE_MANDATORY_MESSAGE": "State is needed",
    "EMPLOYMENT_DETAILS_STATE_LABEL": "State",
    "EMPLOYMENT_DETAILS_STATE_A11_LABEL": "State",
    "EMPLOYMENT_DETAILS_PINCODE_VALIDATION_MESSAGE": "Please enter a valid Pincode",
    "EMPLOYMENT_DETAILS_PINCODE_MANDATORY_MESSAGE": "Pincode is needed",
    "EMPLOYMENT_DETAILS_PINCODE_LABEL": "Pincode",
    "EMPLOYMENT_DETAILS_PINCODE_A11_LABEL": "Pincode",
    "EMPLOYMENT_DETAILS_EMPLOYMENT_TYPE_HEADING": "Employment Type",
    "EMPLOYMENT_DETAILS_OFFICE_ADDRESS_HEADING": "Office Address",
    "APPLICATION_SUBMIT_SCREEN_HEADING": "Congratulations!",
    "APPLICATION_SUBMIT_LOAN_AMOUNT_LABEL": "Your Loan Amount is ",
    "APPLICATION_SUBMIT_LABEL2_CD_TW": "Kindly quote your reference ID at the empanelled dealerships & walk out with your product.",
    "APPLICATION_SUBMIT_LABEL2_UC": "Simply quote this reference ID at an empanelled Pre-owned car dealership and walk out with your product.",
    "APPLICATION_SUBMIT_LABEL2_BL_HL_ML": "Our representative will get in touch with you shortly.",
    "APPLICATION_SUBMIT_DOCUMENTS_REQUIRED_MESSAGE": "Additional Documents may be required as per IDFC First Bank internal policies.",
    "APPLICATION_SUBMIT_ICON_NAME_IDENTITY_PROOF": "Identity Proof",
    "APPLICATION_SUBMIT_ICON_NAME_ADDRESS_PROOF": "Address Proof",
    "APPLICATION_SUBMIT_ICON_NAME_CANCELLED_CHEQUE": "Cancelled Cheque",
    "LOAN_TYPE_CD": "Consumer Durables Loan",
    "LOAN_TYPE_TW": "Two Wheeler Loan",
    "LOAN_TYPE_BL": "Business Loan",
    "LOAN_TYPE_ML": "Mortgage Loan",
    "LOAN_TYPE_HL": "Home Loan",
    "LOAN_TYPE_UC": "Used Car Loan",
    "APPLICATION_SUBMIT_SUCCESSFUL_LABEL": {
      "LABEL1": "Your application for ",
      "LABEL2": " is successfully submitted with reference number"
    },
    "AADHAR_OCR_CONSENT_MESSAGE": "By taking a picture of the Aadhar card/letter, I authorize IDFC First Bank to access my Aadhar details",
    "AADHAR_OCR_IMAGEPICKER_TITLE_INITIAL": "Take a picture of your Aadhar Card/Letter",
    "AADHAR_OCR_IMAGEPICKER_TITLE_FINAL": "Now, take a picture of the Back of your Aadhar card",
    "MODAL_APPLICATION_UNDERWAY_TITLE": "Application Underway",
    "MODAL_APPLICATION_UNDERWAY_DESCRIPTION": "Kindly wait as it may take a few minutes to complete the process",
    "USED_CAR_DETAILS_HEADER":"Loan Details",
    "MESSAGE_WHEN_SEARCHBARINPUT_EMPTY": "Please Start typing the name of your company." ,
    "MESSAGE_WHEN_SEARCHBARINPUT_LESS_THAN_THREE": "Please continue typing to see results.",
    "MESSAGE_WHEN_SEARCHBARINPUT_API_FAILS": "Sorry! We were unable to fetch your data. Please try again later or proceed with the option below",
    "MESSAGE_WHEN_TWENTY_RESULTS_SHOWN": "Continue typing to refine the search results.",
    "MESSAGE_WHEN_LESS_THAN_TWENTY_RESULTS_SHOWN_HEADER": "No more results!",
    "MESSAGE_WHEN_LESS_THAN_TWENTY_RESULTS_SHOWN_DESC": "Can't find your Company? Proceed with OTHERS",
    "SEARCHBARINPUT_DEFAULT_PLACEHOLDER":"Search here",
    "SEARCHBARINPUT_DEFAULT_VALIDATION_MESSAGE": "A value is needed",
    "LOANTYPE_SCREEN_TITLE": "Hello!",
    "LOANTYPE_LOGGED_IN_USER_SCREEN_TITLE": "Hello!",
    "LOANTYPE_LIST_HEADER": "All Loans",
    "LOANTYPE_SCREEN_DESCRIPTION": "Here are a range of loans catering to your needs",
    "LOANTYPE_LOGGED_IN_SCREEN_DESCRIPTION": "Here are a list of loans we offer to our customers.",
    "MYLOANS_CLOSED_LOANS":"Closed Loans",
    "MYLOANS_SEE_MORE":"See More",
    "MYLOANS_SEE_LESS":"See Less",
    "MYLOANS_FIRSTERROR_POP_UP_TITLE": "Sorry, there seems to be a technical issue.",
    "MYLOANS_FIRSTERROR_POP_UP_DESCRIPTION": "We were unable to fetch your Loans' list.",
    "MYLOANS_SECONDERROR_POP_UP_TITLE": "Still unable to load your Loans' list.",
    "MYLOANS_SECONDERROR_POP_UP_DESCRIPTION":"Please contact Customer Care in case you need more information.",
    "MYLOANS_SECONDERROR_POP_UP_PRIMARY_BUTTON_LABEL": "Cancel",
    "MYLOANS_SECONDERROR_POP_UP_SECONDARY_BUTTON_LABEL": "Chat with Customer Care",
    "MYLOANS_LOANDETAILS_POP_UP_TITLE":"Sorry, couldn't fetch Loan Details.",
    "MYLOANS_LOANDETAILS_POP_UP_DESCRIPTION":"Please try again after sometime!",
    "MYLOANS_ERROR_FETCHING_LOANS": "There was an error fetching your loans, please update your consumer number again.",
    "MYLOANS_NO_ACTIVE_LOANS":"You dont have any Active Loans presently, borrow now ?",
    "USERNAME_VALIDATION_MESSAGE":"Please enter username",
    "PASSWORD_VALIDATION_MESSAGE":"Please enter password",
    "CRN_VALIDATION_MESSAGE":"Please enter crn",
    "USED_CAR_BRAND_PLACEHOLDER": "Brand*",
    "USED_CAR__PLACEHOLDER": "Car*",
    "USED_CAR_BRAND_HEADERTITLE": "Select a Car Brand",
    "USED_CAR_BRAND_ACCESSIBILITY_LABEL": "Brand",
    "USED_CAR_ACCESSIBILITY_LABEL": "Car",
    "USED_CAR_BRAND_VALIDATION_MESSAGE": "Car Brand is needed",
    "USED_CAR_VALIDATION_MESSAGE": "Car is needed",
    "USED_CAR__HEADERTITLE": "Select your car",
    "USED_CAR_CURRENCY_INPUT_LABEL": "Required Loan Amount*",
    "USED_CAR_CURRENCY_INPUT_MANDATORY_MESSAGE": "Loan Amount is needed",
    "USED_CAR_CURRENCY_INPUT_VALIDATION_MESSAGE": "Please enter amount more than 1 lakh",
    "USED_CAR_CURRENCY_INPUT_ACCESSIBILITY_LABEL": "Loan Amount Label",
    "LOANDETAIL_PAY_EMI_LABEL": "Pay EMI",
    "LOANDETAIL_RAISE_RQUEST_LABEL": "Raise Request",
    "LOANDETAIL_STATEMENT_OF_ACCOUNTS_LABEL": "Statement of Accounts",
    "LOANDETAILTABVIEW_LOANDETAILS_REMAINING_TENURE_LABEL": "Remaining Tenure",
    "LOANDETAILTABVIEW_LOANDETAILS_TOTAL_TENURE_LABEL": "Total Tenure",
    "LOANDETAILTABVIEW_LOANDETAILS_EMI_AMOUNT_LABEL": "EMI Amount",
    "LOANDETAILTABVIEW_LOANDETAILS_EMI_START_DATE_LABEL": "EMI Start Date",
    "LOANDETAILTABVIEW_LOANDETAILS_EMI_END_DATE_LABEL": "EMI End Date",
    "LOANDETAILTABVIEW_LOANDETAILS_LAST_EMI_PAID_ON_LABEL":"Last EMI Paid on",
    "LOANDETAILTABVIEW_LOANDETAILS_NET_TENURE_LABEL":"Net Tenure",
    "LOANDETAILTABVIEW_LOANDETAILS_LATE_FEE_LABEL":"Late Fee",
    "LOANDETAILTABVIEW_LOANDETAILS_BOUNCE_CHARGES_LABEL":"Bounce Charges",
    "LOANDETAILTABVIEW_LOANDETAILS_REPAYMENT_MODE_LABEL":"Repayment Mode",
    "LOANDETAILTABVIEW_LOANDETAILS_ECS_BANK_NAME_LABEL":"ECS Bank Name",
    "LOANDETAILTABVIEW_LOANDETAILS_ECS_BANK_ACCOUNTNUMBER_LABEL":"ECS Bank Account No.",
    "LOANDETAILTABVIEW_MISSEDEMI_MISSED_ON_LABEL":"Missed on",
    "LOANDETAILTABVIEW_MISSEDEMI_TOTAL_MISSED_EMI_LABEL":"Total Missed EMIs",
    "LOANDETAILTABVIEW_MISSEDEMI_AMOUNT_TO_BE_PAID_LABEL":"Amount to Be Paid",
    "LOANDETAILTABVIEW_MISSEDEMI_BUTTON_LABEL":"Pay Now",
    "LOANDETAILTABVIEW_MISSED_EMI_DETAILS_LABEL":"Missed EMI Details",
    "LOANCARD_MORE_MENU_PAY_EMI_LABEL":"Pay EMI",
    "LOANCARD_MORE_MENU_CANCEL_EMI_LABEL":"Cancel",
    "CONSUMER_DURABLE_LANDING_HEADER":"Consumer Durables",
    "CONSUMER_DURABLE_ERROR_POP_UP_TITLE":"Request Failed",
    "CONSUMER_DURABLE_ERROR_POP_UP_DESCRIPTION":"Sorry your request could not be completed presently",
    "LOANTYPE_ERROR_POP_UP_TITLE":"Request Failed",
    "LOANTYPE_ERROR_POP_UP_DESCRIPTION":"Sorry your request could not be completed presently",
    "LOAN_DETAIL_ERROR_POP_UP_TITLE":"Something went wrong!",
    "LOAN_DETAIL_POP_UP_DESCRIPTION":"Please try again later",
    "LOAN_DETAIL_APPLY_LOAN": "Apply",
    "RETRY":"Retry",
    "CANCEL":"Cancel",
    "NEXT":"Next",
    "BIOMETRIC_LOGIN_POPUP_CLOSE":"Close",
    "BIOMETRIC_LOGIN_FAILED_MSG":"Fingerprint doesn't match",
    "BIOMETRIC_LOGIN_POPUP_WELCOME_MSG":"Use fingerprint to login",
    "BIOMETRIC_SCANNER_NOT_AVAILABLE":"Fingerprint scanner not available",
    "BIOMETRIC_SCANNER_LOCKED":"Too many failed attempts, Please try after sometime!",
    "BIOMETRIC_AUTHENTICATION_SUCCESS":"Authenticated successfully",
    "LOANDETAILTABVIEW_LOANDOCUMENTS_WRITE_PERMISSION_TITLE": "WRITE_EXTERNAL_STORAGE Permission",
    "LOANDETAILTABVIEW_LOANDOCUMENTS_WRITE_PERMISSION_MESSAGE": "App needs access to your WRITE_EXTERNAL_STORAGE ",
    "LOANDETAILTABVIEW_LOANDOCUMENTS_NEUTRAL_BUTTON_LABEL": "Ask Me Later",
    "LOANDETAILTABVIEW_LOANDOCUMENTS_NEGATIVE_BUTTON_LABEL": "Cancel",
    "LOANDETAILTABVIEW_LOANDOCUMENTS_POSITIVE_BUTTON_LABEL": "OK",
    "LOANDETAILTABVIEW_LOANDOCUMENTS_VOLATILE_NOTIFICATION_NOC": "NOC, if applicable, can be downloaded for closed loans",
    "LOANDETAILTABVIEW_LOANDOCUMENTS_VOLATILE_NOTIFICATION_DOWNLAOAD": "Download Successful",
    "LOANDETAILTABVIEW_LOANDOCUMENTS_DOWNLOAD_ERROR_POP_UP_HEADER": "Sorry error occured on Document Download",
    "LOANDETAILTABVIEW_LOANDOCUMENTS_DOWNLOAD_ERROR_POP_UP_DESCRIPTION": "Sorry error occured on Document Download",
    "LOANDETAILTABVIEW_LOANDOCUMENTS_LIST_FETCH_ERROR_HEADING": "Something went wrong",
    "LOANDETAILTABVIEW_LOANDOCUMENTS_LIST_FETCH_ERROR_DESCRIPTION": "Sorry document list could not be loaded please try after some time",
    "APPLICATION_DECLINED_SCREEN_HEADING":"Application Declined",
    "APPLICATION_DECLINED_SCREEN_SORRY_MESSAGE":"Sorry",
    "APPLICATION_DECLINED_SCREEN_DESCRIPTION_MESSAGE":"Your request for a Pre Owned Car Loan wasn't approved. Please try again later.",
    "LOAN_CARD_A11_LABEL":"Loan Card",
    "AADHAR_OCR_SCREEN_CONSENT_A11_LABEL":"Touchable Consent Paragraph",
    "LOAN_APPLICATION_STATUS_HEADER": "ऋण आवेदन की स्थिति",
    "LOAN_APPLICATION_STATUS_SUB_HEADING": "आवेदन की स्थिति प्राप्त करने के लिए कृपया अपना आवेदन नंबर नीचे दर्ज करें",
    "LOAN_APPLICATION_STATUS_INPUT_LABEL": "आवेदन संख्या",
    "LOAN_APPLICATION_STATUS_INPUT_A11_LABEL": "आवेदन संख्या",
    "LOAN_APPLICATION_STATUS_INPUT_VALIDATION_MESSAGE": "कृपया एक मान्य ऋण आवेदन संख्या दर्ज करें",
    "LOAN_APPLICATION_STATUS_INPUT_MANDATORY_MESSAGE": "ऋण आवेदन संख्या की आवश्यकता है",
    "LOAN_APPLICATION_STATUS_404_POPUP_HEADING": "आवेदन मौजूद नहीं है",
    "LOAN_APPLICATION_STATUS_404_POPUP_SUB_HEADING" : "कृपया एक मान्य एप्लिकेशन संख्या के साथ प्रयास करें",
    "LOAN_APPLICATION_STATUS_API_FAILURE_POPUP_HEADING": "क्षमा करें, कुछ गलत हो गया।",
    "LOAN_APPLICATION_STATUS_API_FAILURE_POPUP_SUB_HEADING":"हम आपकी एप्लिकेशन स्थिति प्राप्त नहीं कर सके",
    "API_RESPONSE":{
      "LOAN_UNDER_PROCESS": "प्रक्रिया के तहत ऋण",
      "LOAN_CANCELLED": "लोन कैंसिल हो गया",
      "LOAN_COMPLETED": "ऋण पूरा हुआ",
      "LOAN_REJECTED": "लोन रिजेक्ट कर दिया",
      "LOAN_SANCTIONED": "ऋण स्वीकृत",
      "LOAN_APPLICATION_UPDATED_SUCCESSFULLY" : "ऋण आवेदन अद्यतन सफलतापूर्वक",
      "YOUR_LOAN_IS_CURRENTLY_UNDER_PROCESS" : "आपका ऋण वर्तमान में प्रक्रिया में है",
      "YOUR_LOAN_IS_DISBURSED" : "आपका लोन डिस्बर्स है",
      "YOUR_LOAN_IS_REJECTED" : "आपका ऋण अस्वीकार कर दिया गया है",
      "YOUR_LOAN_IS_CANCELLED" : "आपका ऋण रद्द कर दिया गया है"
    },
    "DATE": {
      "TODAY": "Today",
      "YESTERDAY": "Yesterday"
    },
    "SERVICE_REQUEST": {
      "STATUS": {
        "CLOSED": "Closed",
        "OPEN": "Open"
      }
    },
    "APP_RATING": {
      "THANK_YOU_MESSAGE": "आपकी बहुमूल्य प्रतिक्रिया के लिए धन्यवाद"
    },
    "PLATFORM": {
      "GLOBAL_SEARCH": {
        "NO_RESULTS_ERROR_MESSAGE_TEXT": "क्षमा करें, कोई परिणाम नहीं मिला।",
        "FAILED_TO_FETCH_ERROR_MESSAGE_TEXT": "क्षमा करें, हम परिणाम प्राप्त नहीं कर सके. कृपया पुन: प्रयास करें।"
      }
    }
  }
